seed,l1_staff,l2_staff,arrivals,served,avg_wait_min,p95_wait_min,util_l1,fcr,reopen,voc_mean,sla_2min
12345,8,4,2420,2179,552.0421193824011,3700.8426589555465,0.4314102312109891,0.7751262046810463,0.013767783386874713,3.4746062522435053,0.04130335016062414
12346,8,4,2433,2196,511.10050740758254,3547.01378417597,0.42283374265077056,0.7636612021857924,0.017304189435336976,3.4517994985508955,0.0546448087431694
12347,8,4,2396,2193,597.5332999073274,3744.312942335275,0.4141250174694113,0.736890104879161,0.022799817601459188,3.414243718292086,0.04742362061103511
12348,8,4,2441,2209,515.0257958139118,3131.173418549622,0.43446127022437225,0.7464916251697601,0.01765504753282028,3.4136484621340437,0.04436396559529199
12349,8,4,2319,2044,551.0651448546772,3463.951641165,0.40015101896568805,0.7431506849315068,0.020058708414872797,3.3947303365425663,0.03816046966731898
12350,8,4,2422,2151,541.7410385757422,3395.899955295669,0.42957351424308565,0.7568572756857276,0.025569502556950254,3.4159360162159484,0.040446304044630406
12351,8,4,2358,2080,580.2095328828101,3921.5581274284464,0.41963481143858505,0.7615384615384615,0.017788461538461538,3.432796617754252,0.04326923076923077
12352,8,4,2379,2119,571.4434072367706,3410.1212364591074,0.4165392481744424,0.7187352524775837,0.020292590844738084,3.347913139861672,0.0438886267107126
12353,8,4,2379,2133,577.4850288979866,3696.9953115509616,0.41132037637419544,0.7782466010314112,0.02062822315986873,3.4598808706434174,0.040787623066104076
12354,8,4,2319,2145,554.9027648655806,3306.4180333386225,0.40898800372933986,0.765034965034965,0.01724941724941725,3.4635021751015853,0.046153846153846156
12355,8,4,2312,2114,568.7079969939015,3728.21106346124,0.40052320232040306,0.7715231788079471,0.016556291390728478,3.4698802615815256,0.04966887417218543
12356,8,4,2388,2141,560.371609801055,3590.046631443298,0.4139040561936569,0.7571228397944886,0.01821578701541336,3.431621560681225,0.04624007473143391
12357,8,4,2220,2065,595.5503445248819,3728.813996007474,0.39384665572350636,0.7380145278450363,0.01646489104116223,3.4228753848692897,0.05714285714285714
12358,8,4,2368,2168,526.4649800515641,3335.6574647100924,0.4289494706693729,0.7541512915129152,0.021678966789667898,3.447957368138355,0.04474169741697417
12359,8,4,2322,2132,497.01870983114,3301.56090045753,0.4054846337322874,0.7593808630393997,0.017354596622889306,3.4667777997249205,0.04643527204502814
12360,8,4,2312,2086,528.322596225515,3579.7453548494996,0.39683853422085774,0.7718120805369127,0.016299137104506232,3.4811897385442614,0.04697986577181208
12361,8,4,2432,2175,490.3607013656458,3004.537656190611,0.42620593304084226,0.7471264367816092,0.01793103448275862,3.417492554290562,0.0496551724137931
12362,8,4,2305,2090,507.8528026720702,3274.4531269254776,0.4100677530917391,0.7866028708133971,0.015311004784688996,3.4981157783119423,0.05215311004784689
12363,8,4,2321,2118,507.18682112574464,3480.6102845166465,0.4121537322780208,0.7842304060434372,0.017469310670443813,3.485468291277483,0.049575070821529746
12364,8,4,2331,2138,581.8758208640846,3886.350122442477,0.40268490677860974,0.7605238540692236,0.019644527595884004,3.447228795169543,0.050046772684752105
12365,8,4,2385,2180,478.0992610868064,3302.8686829113876,0.4339114882036683,0.791743119266055,0.012385321100917432,3.486665156307613,0.055504587155963306
12366,8,4,2374,2078,555.0517454892938,3660.659489528396,0.40654300030471396,0.760827718960539,0.026467757459095284,3.424454235267597,0.04090471607314726
12367,8,4,2309,2093,571.4556437018201,3513.206113775521,0.41630331945758725,0.7673196368848543,0.017677974199713332,3.4655166683473935,0.04730052556139513
12368,8,4,2417,2168,530.6341271239606,3273.155224815424,0.42710512046898486,0.7712177121771218,0.01429889298892989,3.4594572490565225,0.041051660516605165
12369,8,4,2385,2128,500.72515216843186,3357.8055887770806,0.4135420521166472,0.7664473684210527,0.020676691729323307,3.442081418969634,0.047932330827067667
12370,8,4,2326,2107,598.7957653460807,3774.1420162170784,0.41704113192210823,0.7451352634076887,0.01566207878500237,3.406747797159522,0.04271476032273375
12371,8,4,2384,2155,551.3982863646589,3474.592037718328,0.4225812903469839,0.7665893271461717,0.02459396751740139,3.4364462794356188,0.04501160092807425
12372,8,4,2322,2113,461.1851222199106,2969.4159369871977,0.41263573517434904,0.7572172266919073,0.014671083767155703,3.437364650596628,0.043066729768102226
12373,8,4,2370,2105,530.4190201243614,3637.6238770897608,0.40453174069460457,0.7558194774346794,0.021377672209026127,3.431822140271253,0.0494061757719715
12374,8,4,2367,2164,548.5685071826562,3589.7722963790898,0.4137870373081579,0.7301293900184843,0.02264325323475046,3.3879288200683577,0.04343807763401109
12345,8,6,2697,2419,501.1239970538547,2726.329239501566,0.47848138172213756,0.6825134353038446,0.03224472922695329,3.2926035258074475,0.03844563869367507
12346,8,6,2703,2424,442.34673912829027,2348.1582726895635,0.48900806774413785,0.6716171617161716,0.028052805280528052,3.2638598060275625,0.04414191419141914
12347,8,6,2597,2377,466.86827566835444,2637.9370178452778,0.46171710083502904,0.6886832141354648,0.02482120319730753,3.3235729015890056,0.03954564577198149
12348,8,6,2547,2351,491.304835699331,2647.8830639601674,0.4652158924504933,0.6707783921735432,0.02467035304125904,3.2701009154675917,0.03700552956188856
12349,8,6,2605,2394,483.56713446706004,2603.48654045096,0.46907504442017117,0.6733500417710944,0.030492898913951544,3.2707751439325965,0.03634085213032581
12350,8,6,2685,2391,532.9524323715372,2678.496994985435,0.4696408612543947,0.670849017147637,0.026348808030112924,3.280531215659741,0.04182350480970305
12351,8,6,2650,2416,484.5147903274015,2602.633627520419,0.45602992781747925,0.6804635761589404,0.028559602649006623,3.2936567866928566,0.04428807947019867
12352,8,6,2553,2303,523.8848869516758,2531.6343791358936,0.4519814396211751,0.6574033868866695,0.022579244463742945,3.2465076714889674,0.03603994789405124
12353,8,6,2619,2323,534.2758319830816,2795.7096402894604,0.453736579744373,0.6711149375807146,0.0297029702970297,3.278772989479083,0.039603960396039604
12354,8,6,2585,2360,485.4418571767441,2536.623285852291,0.470112913913303,0.676271186440678,0.023728813559322035,3.2820442121525866,0.04067796610169491
12355,8,6,2626,2377,528.308011644176,2757.205758158819,0.46554563327307025,0.6899453092132941,0.023559108119478336,3.305432814694679,0.03954564577198149
12356,8,6,2556,2354,492.4746504759352,2800.809437253054,0.4606421154370677,0.6771452846219201,0.02888700084961767,3.296676719622992,0.03653355989804588
12357,8,6,2584,2346,464.4378875118362,2576.8014954481837,0.46692662896076464,0.664535379369139,0.028985507246376812,3.2750389556817248,0.046462063086104004
12358,8,6,2728,2433,429.7886639492197,2440.3256168084645,0.48037950334750357,0.6715988491574189,0.026304973284011508,3.2701825984676103,0.04233456637895602
12359,8,6,2667,2407,497.3769426863224,2632.9185112962778,0.4875366973163904,0.6771915247195679,0.03115911923556294,3.258301245322417,0.0402991275446614
12360,8,6,2525,2338,588.3235828549027,3086.214412096788,0.4407741069877773,0.6937553464499572,0.023952095808383235,3.3308605837742435,0.038922155688622756
12361,8,6,2623,2382,496.9095449383541,2707.217717339621,0.46737981690446223,0.6712846347607053,0.018891687657430732,3.2837407148345372,0.0436607892527288
12362,8,6,2561,2358,498.8466867282998,2574.0083711520683,0.45909060951892183,0.6878710771840543,0.02714164546225615,3.3214210074580843,0.04071246819338423
12363,8,6,2554,2345,552.105599649214,2814.6362958184054,0.45915954765226286,0.6921108742004264,0.023880597014925373,3.316836658732766,0.044349680170575695
12364,8,6,2674,2470,466.4555174037554,2422.674058690526,0.4745340045155745,0.668825910931174,0.02631578947368421,3.284521998897454,0.039271255060728746
12365,8,6,2674,2454,429.91420710796876,2532.05106625509,0.49232932184438,0.6792991035044825,0.02730236348818256,3.279354264396553,0.039527302363488184
12366,8,6,2622,2385,452.2300636461256,2368.3966379239864,0.4588132738755305,0.6876310272536688,0.026415094339622643,3.316081499794851,0.0389937106918239
12367,8,6,2667,2462,480.1944099187565,2513.093921787579,0.4953260776138202,0.677497969130788,0.029650690495532088,3.2779699074578272,0.03736799350121852
12368,8,6,2586,2354,539.2104981859918,2621.336407208421,0.46276435663451976,0.6644010195412065,0.02463891248937978,3.262237449555828,0.0356839422259983
12369,8,6,2626,2347,520.7359257499089,2533.5012451020366,0.4709967158919212,0.6825734980826587,0.027694929697486152,3.288650541346844,0.03877290157648061
12370,8,6,2611,2396,463.97248061533963,2521.5743376797363,0.46517279217969004,0.6823873121869783,0.027545909849749584,3.309615827230945,0.045909849749582635
12371,8,6,2644,2448,567.2752117993099,2748.968318033028,0.4671288238452232,0.678921568627451,0.027369281045751634,3.2821459423172823,0.04493464052287582
12372,8,6,2592,2334,456.3484428719033,2592.154725389718,0.4572680475476654,0.6953727506426736,0.026135389888603255,3.316473293192561,0.04113110539845758
12373,8,6,2614,2337,509.1991468641467,2429.6502646249587,0.46954034574160664,0.6491228070175439,0.030380830124090714,3.227099176436406,0.03893881044073599
12374,8,6,2599,2397,526.4700282389472,2714.360744442842,0.45868308367460164,0.6725073007926575,0.02753441802252816,3.28612406940657,0.0425531914893617
12345,8,8,2856,2600,434.5695325663177,1798.4358973714704,0.5148229279054354,0.6261538461538462,0.035,3.1918681847020163,0.03923076923076923
12346,8,8,2873,2627,323.7155389690685,1336.0452207627065,0.5132313040634237,0.6132470498667681,0.027407689379520365,3.1709095661145175,0.03844689760182718
12347,8,8,2787,2628,379.6296964067768,1525.6467413642072,0.5012530989892569,0.6229071537290716,0.030441400304414,3.2093595169505087,0.04337899543378995
12348,8,8,2819,2622,395.1819882698059,1650.9144995231106,0.5042152707513813,0.6079328756674295,0.028985507246376812,3.179496631786207,0.03508771929824561
12349,8,8,2835,2597,334.6127142926968,1376.6485633500802,0.5088564764242605,0.6087793608009241,0.033885252214093185,3.17347283794729,0.03157489410858683
12350,8,8,2861,2568,373.8781187613114,1501.6024255432367,0.5035064368779254,0.6277258566978193,0.031931464174454825,3.189226598900937,0.033099688473520246
12351,8,8,2759,2579,392.6168888115884,1574.0305969833714,0.49840083708102495,0.6172935246219465,0.02791779759596743,3.1942470198363195,0.037999224505622334
12352,8,8,2881,2659,299.0445859419182,1452.4256186314144,0.5319359180608978,0.6088755171116961,0.027077848815344113,3.1620721712686355,0.04061677322301617
12353,8,8,2822,2601,422.57893732026383,1869.9040861160922,0.5173326628750587,0.6301422529796232,0.029219530949634757,3.194955815468348,0.041138023836985775
12354,8,8,2934,2719,327.2534087205682,1230.9283660170888,0.5217880054478806,0.6061051857300478,0.01986024273630011,3.1723718895162984,0.03604266274365576
12355,8,8,2933,2702,413.12999518033314,1473.1190410335898,0.534304540650313,0.6073279052553664,0.02997779422649889,3.1535579835877416,0.0307179866765359
12356,8,8,2832,2561,302.15862521747283,1359.2894164131187,0.5127565220178449,0.6126513080827801,0.027723545490042953,3.178433369897608,0.033190160093713394
12357,8,8,2806,2559,376.9086378669507,1639.8393046278509,0.5020371740266514,0.6072684642438453,0.029308323563892145,3.1690658418458093,0.03634232121922626
12358,8,8,2911,2668,385.3229242826841,1543.362149215101,0.5294427023315346,0.6334332833583208,0.031859070464767617,3.215698444478718,0.03710644677661169
12359,8,8,2836,2611,338.7380727378058,1478.9092454948495,0.5068045800192218,0.6135580237456913,0.031788586748372274,3.1879542798569998,0.03791650708540789
12360,8,8,2953,2709,355.50113137383045,1467.1039571009399,0.5278148837683382,0.6135105204872646,0.03506829088224437,3.1611606518604134,0.03433001107419712
12361,8,8,2816,2606,324.5989625763102,1392.3460678679758,0.5114084659006186,0.6193399846508059,0.02916346891788181,3.1974124824583665,0.04412893323100537
12362,8,8,2932,2685,344.3634283120421,1436.2061792202585,0.5302208115730097,0.6156424581005586,0.030167597765363128,3.1936592929398553,0.041340782122905026
12363,8,8,2899,2670,375.652649432668,1629.7582433815603,0.5276391646296983,0.6262172284644195,0.030711610486891385,3.2002266562349155,0.03295880149812734
12364,8,8,2887,2656,356.06375326957163,1425.6947760950752,0.5183625045251345,0.6155873493975904,0.035015060240963854,3.179964958604828,0.04254518072289157
12365,8,8,2963,2681,241.1562607342927,1141.417591096499,0.5329333081514127,0.6307348004475942,0.031331592689295036,3.1878095237158073,0.03655352480417755
12366,8,8,2822,2551,434.8250641294273,1820.291638139934,0.5107201757244059,0.6252450019600156,0.029792238337906705,3.1971632959369103,0.03136025088200706
12367,8,8,2870,2680,333.5551920846019,1431.6615233886491,0.5337296476824344,0.6033582089552239,0.03470149253731343,3.1683713557608635,0.03544776119402985
12368,8,8,2895,2642,343.1334078732503,1398.060587880641,0.5268396004667665,0.6249053747161242,0.03141559424678274,3.1961493671549155,0.03709311127933384
12369,8,8,2897,2633,320.19812947416034,1382.1669131599285,0.5067056203998792,0.6160273452335738,0.026585643752373718,3.178626639940119,0.040258260539308775
12370,8,8,2903,2662,305.3227901959801,1333.0126435753505,0.5408406670862277,0.6179564237415477,0.03193087903831705,3.1621570399302183,0.03268219383921863
12371,8,8,2895,2645,358.9068901542996,1394.5554140462586,0.5334512060251858,0.6,0.02948960302457467,3.1357291077304863,0.03251417769376182
12372,8,8,2894,2618,367.777292061636,1538.0382764020458,0.5205743963857211,0.6310160427807486,0.02750190985485103,3.199499984368556,0.04316271963330787
12373,8,8,2813,2551,347.39430705608225,1497.671987806799,0.48717672043903737,0.6119168953351627,0.03018424147393179,3.172351010032497,0.042336338690709525
12374,8,8,2905,2634,404.53698042193656,1714.6200726385666,0.5049481680374956,0.615793470007593,0.026955201214882308,3.1838536654493774,0.02847380410022779
12345,10,4,2339,2269,520.3247409242966,3262.6185872579226,0.35146477650203634,0.7637725870427501,0.01851035698545615,3.482869444504566,0.052886734244160426
12346,10,4,2237,2142,542.2173626808814,3524.548075919405,0.33471310520987146,0.7759103641456583,0.012138188608776844,3.5086198698373936,0.05695611577964519
12347,10,4,2285,2221,491.02665516584875,3492.411158349596,0.3382043352520818,0.7901846015308419,0.01620891490319676,3.534543734769527,0.06843764070238631
12348,10,4,2376,2275,555.6289873183935,3713.1320563960767,0.35873902812937725,0.7613186813186813,0.021538461538461538,3.4638126676403367,0.04879120879120879
12349,10,4,2341,2253,534.4610949278647,3617.1419545241383,0.34781382973169483,0.7572126054150022,0.018197958277851752,3.4493711801556324,0.048823790501553485
12350,10,4,2423,2308,571.9725615743494,3422.824952003962,0.3566869071723797,0.7422010398613518,0.020363951473136917,3.4431681972456727,0.053292894280762566
12351,10,4,2184,2122,608.8746912357691,3727.0707567798845,0.33605843443157996,0.7615457115928369,0.018378887841658812,3.4880926129937238,0.05513666352497644
12352,10,4,2260,2172,493.51885923800575,3201.3813825643956,0.33377626474658445,0.7849907918968693,0.015193370165745856,3.5221236426331863,0.049263351749539594
12353,10,4,2258,2184,594.1126981732637,3732.823241549946,0.3453361646094048,0.7710622710622711,0.0173992673992674,3.471930687963741,0.05815018315018315
12354,10,4,2473,2339,475.2545505106357,3265.812353864175,0.3663052494231814,0.7674219752030782,0.023086789226165028,3.4611649355057206,0.05557930739632321
12355,10,4,2265,2217,538.9472267334113,3472.0738774456067,0.34542040640116706,0.7573297248534056,0.02074875958502481,3.471836649681336,0.058186738836265225
12356,10,4,2201,2141,577.4821481033421,3474.7273905177217,0.33528365313669717,0.762260625875759,0.022419430172816442,3.4774981390502298,0.06258757589911257
12357,10,4,2326,2223,555.5253774559234,3515.0712328595337,0.34810839602609434,0.7606837606837606,0.01979307242465137,3.4486293794240246,0.058929374718848404
12358,10,4,2320,2214,572.1090676260262,3789.7227818100973,0.3606726546033613,0.7687443541102078,0.018518518518518517,3.4846683321442864,0.05058717253839205
12359,10,4,2221,2124,511.87872974161183,3387.700904304785,0.33661932915211756,0.800376647834275,0.022128060263653482,3.5414840970816326,0.060263653483992465
12360,10,4,2229,2177,492.02932688271255,3597.144446025869,0.32723666419687003,0.7900780891134589,0.016536518144235186,3.5253604623610766,0.0666054203031695
12361,10,4,2252,2153,606.8532449968908,3623.9653566068996,0.347261656891237,0.7575476079888528,0.01764979098931723,3.462562676537616,0.04505341384115188
12362,10,4,2311,2206,490.3135170714828,3260.973288393454,0.36934509397707105,0.7815049864007253,0.01586582048957389,3.505845382384073,0.04623753399818677
12363,10,4,2268,2177,589.7926055717677,3624.6964326354546,0.34447151985557606,0.7625172255397336,0.01607717041800643,3.470426324480923,0.05466237942122187
12364,10,4,2324,2233,528.4286516157,3446.8398752490025,0.34716935612296035,0.7604120017913122,0.018808777429467086,3.4726320153294084,0.047021943573667714
12365,10,4,2233,2182,491.078971237161,3248.551499361946,0.34491219030515935,0.7836846929422548,0.018790100824931256,3.4989196804871985,0.06599450045829514
12366,10,4,2313,2223,574.721567989165,3604.1772774461156,0.3472504705284305,0.7494376968061178,0.01979307242465137,3.4403610137133396,0.053531264057579846
12367,10,4,2263,2191,594.4097026683481,3732.942631115408,0.349839473001733,0.7649475125513464,0.019625741670470105,3.4770929643543247,0.05933363760839799
12368,10,4,2233,2173,531.116024526401,3451.479237841609,0.3386154826773803,0.7616198803497469,0.016106764841233318,3.468539298528803,0.06580763920846755
12369,10,4,2226,2139,501.46450833905493,3565.4717584163113,0.32934672293590317,0.766713417484806,0.01916783543712015,3.4633126578475593,0.05890603085553997
12370,10,4,2338,2253,514.9808123373975,3193.327404980022,0.34986390725654465,0.7652019529516201,0.011096316023080338,3.48105795632235,0.047936085219707054
12371,10,4,2246,2200,518.700215320542,3284.5708536569346,0.33479110611569873,0.7618181818181818,0.01681818181818182,3.4765583847171184,0.060909090909090906
12372,10,4,2353,2258,480.8962242979477,3162.195453068665,0.3569421995741575,0.7586359610274579,0.024357838795394153,3.455847507893691,0.048715677590788306
12373,10,4,2264,2159,546.6961472088589,3612.1230281399617,0.3316099092243079,0.7716535433070866,0.019916628068550254,3.4641425943417654,0.05141269106067624
12374,10,4,2301,2236,552.9160393986069,3825.9250011340782,0.34338462064835057,0.7504472271914132,0.01967799642218247,3.4575942576963774,0.04785330948121646
12345,10,6,2670,2603,480.06915564480585,2487.1149801273987,0.40343576439636475,0.701498271225509,0.024202842873607376,3.365400905326034,0.04878985785631963
12346,10,6,2662,2556,493.0459435843605,2660.2368703701086,0.3946117835126793,0.6834898278560251,0.024256651017214397,3.318080011414711,0.05046948356807512
12347,10,6,2562,2471,496.7510864152228,2553.745198540574,0.3893208787234826,0.7029542695265075,0.023472278429785512,3.351433860258066,0.05018211250505868
12348,10,6,2586,2478,512.2239110001009,2586.0845943875656,0.38480782932827745,0.6844229217110573,0.01775625504439064,3.3373379045184115,0.048426150121065374
12349,10,6,2567,2458,547.5185452116324,2797.583203282518,0.38942073810988054,0.677379983726607,0.026037428803905614,3.2896621638315238,0.046379170056956874
12350,10,6,2630,2550,471.7724357936265,2657.991598079204,0.3956569111003561,0.6909803921568628,0.022745098039215685,3.346010662117089,0.052941176470588235
12351,10,6,2418,2356,480.51792660782303,2722.1560845666763,0.37302683461404407,0.7139219015280136,0.022495755517826826,3.3907143064558203,0.056451612903225805
12352,10,6,2521,2425,535.3652129526849,3098.4717211376064,0.3792992018369906,0.6948453608247422,0.02515463917525773,3.347879413464366,0.04536082474226804
12353,10,6,2498,2420,486.7212386867651,3053.1192945072344,0.3739703414853186,0.718595041322314,0.01818181818181818,3.3899583320447944,0.047107438016528926
12354,10,6,2500,2436,494.37153087522967,2636.004274291807,0.3780942785725486,0.6982758620689655,0.02832512315270936,3.3513514697926765,0.048440065681444995
12355,10,6,2576,2475,550.2139970695347,2976.821735505951,0.38676240616587637,0.694949494949495,0.022222222222222223,3.3468313882563843,0.04727272727272727
12356,10,6,2509,2445,503.50851549957935,2647.945662972516,0.3787021235700302,0.678118609406953,0.027811860940695297,3.3097146350311646,0.06012269938650307
12357,10,6,2551,2466,530.7132633119301,2585.7690931822003,0.3849466594614383,0.6788321167883211,0.027169505271695052,3.310375572446593,0.048256285482562854
12358,10,6,2634,2544,448.49155266657647,2561.7128815851574,0.4125182507195215,0.6835691823899371,0.02437106918238994,3.3176882963681544,0.05070754716981132
12359,10,6,2514,2431,516.2788817933606,2686.46619789937,0.3850643671313184,0.681612505141917,0.023447141094199916,3.3194706840033943,0.053887289181406825
12360,10,6,2631,2546,508.5401483314617,2716.6667174745685,0.39989712216105155,0.6889238020424194,0.02631578947368421,3.3333722487846758,0.04988216810683425
12361,10,6,2589,2508,481.68380536084067,2810.8605917855602,0.39219863236896263,0.6774322169059012,0.02711323763955343,3.316439708433376,0.045454545454545456
12362,10,6,2517,2449,508.8876728215548,2585.992394634973,0.3899380340234778,0.7092690894242548,0.02000816659861168,3.3795179201458923,0.05512454062882809
12363,10,6,2547,2433,518.4434140933682,2853.5232228086443,0.38914118811475035,0.6954377311960542,0.02794903411426223,3.3288396707648915,0.04849979449239622
12364,10,6,2552,2457,447.43062370935894,2683.697624340553,0.3833524466896696,0.687016687016687,0.024013024013024013,3.334212883841313,0.04802604802604803
12365,10,6,2462,2379,516.2632490239582,3069.162497233636,0.3901012995945764,0.7162673392181589,0.028583438419503993,3.3581697736811957,0.05548549810844893
12366,10,6,2588,2506,512.7035036631521,2790.125012722474,0.3873274453142364,0.6967278531524341,0.025937749401436554,3.361547683823414,0.038707102952913006
12367,10,6,2461,2385,602.980833629352,3051.775717855214,0.3805667619360221,0.6951781970649895,0.027253668763102725,3.342502968727517,0.053668763102725364
12368,10,6,2468,2354,513.8106632545654,2504.3809936829675,0.3783063277609109,0.6898895497026338,0.029736618521665252,3.320764465353346,0.041206457094307564
12369,10,6,2541,2436,498.7155649451089,2840.1709291010247,0.3859867039986258,0.7093596059113301,0.022988505747126436,3.362957760567751,0.0480295566502463
12370,10,6,2522,2471,490.221388908952,2764.3893719351126,0.3777737539037932,0.688789963577499,0.024686361796843383,3.326596888300341,0.05139619587211655
12371,10,6,2580,2523,556.3960434814218,2766.510882550922,0.3879002739997806,0.6983749504558066,0.01823226317875545,3.3637547317463246,0.04954419342053112
12372,10,6,2495,2416,502.8199615247882,2731.7264649515737,0.3749666388633331,0.6928807947019867,0.025248344370860928,3.3414293542304563,0.054635761589403975
12373,10,6,2553,2468,472.97931035987125,2540.9090040628853,0.3836826216855423,0.6839546191247974,0.019448946515397084,3.3375152251378313,0.05226904376012966
12374,10,6,2603,2497,536.751434481074,2785.427671001787,0.39583989813520093,0.6872246696035242,0.01802162595114137,3.3282249700228173,0.04925911093311974
12345,10,8,2806,2719,400.29075915356066,1640.4633803383945,0.4169818623980003,0.6237587348289813,0.02942258183155572,3.2227894578637684,0.04928282456785583
12346,10,8,2851,2712,434.672183147564,1836.5880735463245,0.4270521837050705,0.6286873156342183,0.029498525073746312,3.2128280312188893,0.04535398230088496
12347,10,8,2954,2847,262.0195620435012,1354.6192407254346,0.450078771053581,0.6231120477695821,0.02985598876009835,3.2110714456439307,0.042500878117316475
12348,10,8,2853,2799,371.74159665073864,1598.7347428631747,0.43791649554340417,0.6202215076813148,0.02750982493747767,3.2201609453485456,0.04823151125401929
12349,10,8,2857,2741,307.1470930931722,1475.4759370186734,0.43442708915140393,0.614009485589201,0.025173294418095585,3.1961502634688075,0.03575337468077344
12350,10,8,2901,2797,369.7945043976066,1574.642518193459,0.43371530913765194,0.6213800500536288,0.03360743653914909,3.2100212517919604,0.04504826599928495
12351,10,8,2731,2658,429.6608774786931,1759.4031797827586,0.4152609189515742,0.6380737396538751,0.024830699774266364,3.2443379390829827,0.047780285929270125
12352,10,8,2789,2687,421.739975368034,1874.6885678817648,0.43439245293514905,0.6241161146259769,0.030889467807964272,3.206794512949972,0.03982136211388165
12353,10,8,2774,2717,393.0621000227043,1574.4599583525908,0.4344587183489365,0.6142804563857196,0.02981229297018771,3.1991414168145993,0.047110783952889215
12354,10,8,2743,2683,444.1942985954533,2035.1231736697932,0.40582668456998844,0.6429370108087962,0.03130823704808051,3.2549444686927598,0.048453224002981736
12355,10,8,2791,2701,352.4279414753008,1618.4910684154058,0.4295097432390554,0.6330988522769345,0.02702702702702703,3.23249946125345,0.03776379118844872
12356,10,8,2837,2755,436.423339616223,1732.6178724156598,0.440347204888159,0.6272232304900182,0.0279491833030853,3.2224787335920544,0.041379310344827586
12357,10,8,2708,2651,404.0942403357718,1953.65431916835,0.40514373406351883,0.6412674462466994,0.033949453036589965,3.259875487081222,0.04941531497548095
12358,10,8,2889,2774,454.63224388399675,1926.0570919600382,0.43279201058853123,0.6294160057678443,0.03316510454217736,3.2184138253019197,0.04542177361211247
12359,10,8,2664,2579,417.0634402177711,1924.0950504675704,0.39502195851059546,0.6293136874757658,0.030632027917797598,3.233314488710022,0.046141915471112835
12360,10,8,2859,2773,423.51572772007853,1775.1455753239588,0.43407629132538206,0.6343310494049765,0.029210241615578794,3.2423316746985043,0.05012621709340065
12361,10,8,2733,2636,435.33779005255786,1915.9428216592567,0.40829186087784197,0.6323975720789075,0.030349013657056147,3.243069146132116,0.0409711684370258
12362,10,8,2772,2683,407.15947235074293,1858.207034376802,0.43278419719796796,0.6339918002236302,0.035035408125232946,3.2268480077994606,0.048825941110696984
12363,10,8,2775,2693,364.6497173154481,1591.9724158968047,0.42531653754735543,0.6193835870776087,0.03156331229112514,3.211957340036262,0.04901596732268845
12364,10,8,2801,2704,344.36043056728005,1627.83236648262,0.411852013757143,0.6294378698224852,0.03735207100591716,3.22011779031305,0.04992603550295858
12365,10,8,2711,2641,341.03909650047063,1673.0575038498666,0.41259330363309293,0.6489965921999242,0.02839833396440742,3.272801395335913,0.05263157894736842
12366,10,8,2786,2644,387.9543447542649,1871.173160493363,0.4285446633682597,0.6414523449319214,0.029500756429652043,3.2447027549213026,0.046142208774583963
12367,10,8,2901,2805,390.42618049538453,1806.1396730562842,0.4389731972092937,0.6392156862745098,0.03137254901960784,3.240728733660251,0.03636363636363636
12368,10,8,2701,2647,335.54267130906976,1497.8020879766436,0.41532854504194133,0.6252361163581412,0.026445032111824706,3.239066956780815,0.05062334718549301
12369,10,8,2703,2631,390.62662808158746,1895.4677666476714,0.3983985350202512,0.6423413150893197,0.023185100722158875,3.268596753288249,0.049410870391486124
12370,10,8,2838,2757,403.1063010766616,1601.1200633373985,0.42746119498229307,0.6278563656147987,0.033369604642727604,3.2168867811016346,0.05404425099746101
12371,10,8,2673,2619,421.83725348794695,2088.7151679751564,0.4040703257300222,0.6456662848415425,0.029018709431080564,3.264175652985145,0.05078274150439099
12372,10,8,2817,2750,257.18390077351313,1258.0333863229587,0.4297251516056011,0.6243636363636363,0.03781818181818182,3.219210402959988,0.048
12373,10,8,2836,2770,320.31587283144296,1355.835292056121,0.4308678185558079,0.6144404332129964,0.027436823104693142,3.1904390200592396,0.04512635379061372
12374,10,8,2804,2741,397.005795380168,1799.6968287779591,0.43043205185190314,0.6121853338197738,0.037212696096315216,3.193323743369317,0.04232032105071142
12345,12,4,2404,2380,517.5196921976054,3502.612203472056,0.3100943718117556,0.7579831932773109,0.023949579831932775,3.4714200486832056,0.06512605042016807
12346,12,4,2279,2239,500.0075961977142,3461.833571365207,0.2937349260595027,0.794104510942385,0.012952210808396605,3.5509237375237666,0.07146047342563644
12347,12,4,2326,2303,483.4974377165232,3074.9311051976347,0.2929463060751483,0.7720364741641338,0.016500217108119844,3.4980393986199156,0.060790273556231005
12348,12,4,2250,2231,516.9252425861109,3269.212250913998,0.2984257349320969,0.7785746302106679,0.01703272075302555,3.5193539211446976,0.05737337516808606
12349,12,4,2287,2277,534.314407399373,3607.6751050507264,0.29431107153462943,0.7575757575757576,0.01668862538427756,3.4702763084875157,0.05665349143610013
12350,12,4,2322,2282,567.250417809224,3491.3697156113494,0.2925509313971232,0.7528483786152498,0.025416301489921123,3.457328938747628,0.061787905346187555
12351,12,4,2297,2290,434.26941509741914,2831.5998778243957,0.29454628362420676,0.7899563318777293,0.016593886462882096,3.5411649702229218,0.06506550218340611
12352,12,4,2322,2296,528.0967144912504,3291.6030754894914,0.29745588284341573,0.759581881533101,0.017857142857142856,3.477738961249511,0.06881533101045297
12353,12,4,2129,2120,534.2214048654319,3502.867758354385,0.27378902244362113,0.7721698113207547,0.014622641509433962,3.505918519843848,0.06745283018867924
12354,12,4,2371,2321,516.5736033695357,3527.7188648015144,0.3014264954285108,0.7785437311503662,0.022834984920292976,3.502070010323935,0.07324429125376992
12355,12,4,2328,2308,539.2609975040195,3550.9184889751923,0.2940786264003858,0.7686308492201039,0.021663778162911613,3.493207552651699,0.0645580589254766
12356,12,4,2205,2185,489.5401566365989,3108.2596880560573,0.28609358920414935,0.7615560640732265,0.014187643020594966,3.493159059727338,0.06315789473684211
12357,12,4,2238,2197,496.3753242679961,3426.588596367305,0.29561484486508094,0.7792444242148384,0.018206645425580335,3.502942984477719,0.06781975421028676
12358,12,4,2231,2213,556.5422999578783,3517.8817050670264,0.29144395359000863,0.7686398553999096,0.02078626299141437,3.5054342723170713,0.05603253502033439
12359,12,4,2311,2284,541.0057131367471,3706.7146588679248,0.29781297844861027,0.7837127845884413,0.010945709281961471,3.5310387228717097,0.06260945709281962
12360,12,4,2322,2301,506.7987649298991,3481.9756291552535,0.2973169876804157,0.7700999565406345,0.016514558887440245,3.489685145039245,0.06475445458496305
12361,12,4,2249,2228,537.3518330061355,3196.1780656787987,0.2914346565274406,0.7657091561938959,0.0210951526032316,3.4940483864438066,0.06642728904847396
12362,12,4,2288,2267,510.85363410492755,3446.44605683659,0.299910108043877,0.7745919717688575,0.018526687251874726,3.524034276864726,0.0670489633877371
12363,12,4,2348,2304,473.22660913789684,3145.294798789822,0.30314281426146433,0.7677951388888888,0.020833333333333332,3.4733550223085796,0.061197916666666664
12364,12,4,2285,2257,548.3275259170395,3543.403357766236,0.2843408127072227,0.7687195392113425,0.01905183872396987,3.5016194392274866,0.061586176340274704
12365,12,4,2365,2339,478.1961649798438,3598.57739025607,0.30593365461193406,0.7764001710132535,0.01838392475416845,3.5100921638133133,0.06840530141085935
12366,12,4,2336,2300,529.7587235133585,3346.531636209578,0.3083347576312585,0.7730434782608696,0.016956521739130436,3.50179118896862,0.06043478260869565
12367,12,4,2212,2178,615.4276510342366,3818.671224494263,0.28396620842670534,0.7681359044995408,0.021120293847566574,3.4769316263124583,0.05876951331496786
12368,12,4,2292,2272,498.6215499018767,3274.3402739870216,0.29936169915441724,0.7794894366197183,0.018485915492957746,3.516214155041416,0.06954225352112677
12369,12,4,2232,2205,534.9050699975757,3558.1822198642326,0.2739825405671295,0.7791383219954648,0.016780045351473923,3.521370336027344,0.06258503401360545
12370,12,4,2221,2205,516.0731926221852,3337.4372338324497,0.2888477029905776,0.7732426303854876,0.0163265306122449,3.4905124763809106,0.07029478458049887
12371,12,4,2188,2161,496.03320357472785,3262.340811625385,0.2794766485760004,0.7834335955576122,0.015270708005552984,3.5095043372894437,0.06385932438685793
12372,12,4,2245,2216,464.8739724832003,3136.7522017803863,0.29105334304419395,0.7743682310469314,0.02256317689530686,3.5058464159319973,0.06362815884476535
12373,12,4,2272,2242,500.8966386931414,3173.7973620715634,0.28685323556078446,0.7747546833184656,0.014719000892060661,3.509083605553768,0.06467439785905442
12374,12,4,2289,2276,541.3920156076157,3659.2988595344505,0.2946439188120345,0.7666959578207382,0.01845342706502636,3.4886872254700503,0.06678383128295255
12345,12,6,2513,2497,480.94856246928634,3013.623016579284,0.3269612021153837,0.7180616740088106,0.02042450941129355,3.4041064645070898,0.06527833400080096
12346,12,6,2523,2513,466.12136969413774,2315.4631824582443,0.3296370094204867,0.6860326303223239,0.024671707122960605,3.332908603822924,0.06605650616792678
12347,12,6,2540,2500,493.4745756401405,2687.8200534996527,0.3293623993311292,0.7024,0.0264,3.3522665790554225,0.0556
12348,12,6,2613,2592,524.7693338438,2766.45490174133,0.33486622274865613,0.683641975308642,0.025848765432098766,3.3464583050347976,0.05632716049382716
12349,12,6,2574,2554,525.8779282484734,2807.62591292467,0.32809573259898794,0.6879404855129209,0.02779953014878622,3.347432760284756,0.06225528582615505
12350,12,6,2543,2508,556.1064874969818,2878.325081615817,0.3172443883853166,0.6953748006379585,0.02073365231259968,3.3575162181365292,0.05582137161084529
12351,12,6,2457,2444,530.2637902632157,2829.978862511785,0.3202322096772481,0.6963993453355155,0.02414075286415712,3.3662994726889344,0.06382978723404255
12352,12,6,2504,2481,506.0937391192135,2685.8749749869526,0.33307148718354235,0.6864167674324869,0.024586860137041516,3.339170681678922,0.05239822652156389
12353,12,6,2521,2501,488.12173043532135,2649.2087293281534,0.33051087663856776,0.68812475009996,0.022790883646541384,3.3380576229893735,0.05677728908436625
12354,12,6,2469,2445,550.8816577342019,2905.756976262378,0.30830438707670677,0.6895705521472393,0.02822085889570552,3.353514595106336,0.06094069529652352
12355,12,6,2470,2438,532.1418511992562,2848.0596997739453,0.32547622364524564,0.7054963084495488,0.026251025430680888,3.3590323710960317,0.055373256767842494
12356,12,6,2559,2532,548.9578391292722,3041.9122833236715,0.32721364932932157,0.6939178515007899,0.02646129541864139,3.357522770081146,0.05252764612954187
12357,12,6,2468,2439,492.4261725390537,2689.9084231269826,0.3254999913903278,0.7068470684706847,0.01927019270192702,3.367867769263924,0.05781057810578106
12358,12,6,2571,2540,498.7610767060902,2734.835479974773,0.3351986153498289,0.7114173228346456,0.024803149606299212,3.39411068913089,0.06456692913385827
12359,12,6,2470,2457,533.8104763396784,2804.725705611636,0.31817956804913367,0.6853886853886854,0.026455026455026454,3.349162157292167,0.05291005291005291
12360,12,6,2583,2566,493.1101700022631,2645.1074277541657,0.3289913889416003,0.7053780202650038,0.025720966484801246,3.3877174666136565,0.06780982073265783
12361,12,6,2582,2535,484.4904967801162,2674.8524780913426,0.33599989120507767,0.6844181459566075,0.020118343195266272,3.337071133971031,0.05759368836291913
12362,12,6,2610,2576,455.3167039720255,2448.8510229768276,0.3475480874839243,0.6859472049689441,0.027562111801242236,3.3333479549357623,0.059782608695652176
12363,12,6,2570,2548,564.5340110168252,2787.7573367623486,0.32300660238014317,0.6942700156985872,0.022762951334379906,3.366209404354163,0.05180533751962323
12364,12,6,2524,2505,566.6272194627547,2826.817119126253,0.32475796569398124,0.6906187624750499,0.020758483033932136,3.344643487069548,0.057085828343313376
12365,12,6,2568,2537,490.23903193099517,2664.245910263743,0.3258573912767594,0.7016160819865983,0.0216791486007095,3.3686396615893317,0.06700827749310209
12366,12,6,2534,2510,487.4974788244665,2662.84318701579,0.33652210040758285,0.6940239043824701,0.024701195219123506,3.357414194043027,0.05458167330677291
12367,12,6,2471,2460,573.3197602469097,2989.2145702086423,0.31990694012535664,0.6910569105691057,0.03008130081300813,3.344007879522074,0.06382113821138212
12368,12,6,2484,2469,443.74397556898725,2361.8033965352524,0.3232580569549216,0.6966383151073309,0.024706358849736737,3.364713587701328,0.05427298501417578
12369,12,6,2586,2554,509.53495169460376,3035.6564502078995,0.3385247120052845,0.7122161315583398,0.023884103367267033,3.3795220937525903,0.05403288958496476
12370,12,6,2446,2425,499.45192973948775,2517.6267600287847,0.3095107990670524,0.7002061855670103,0.019381443298969073,3.368464115610833,0.06350515463917526
12371,12,6,2410,2388,523.7282591389733,2664.771883140542,0.3155174287243046,0.7047738693467337,0.02386934673366834,3.363259647895753,0.06281407035175879
12372,12,6,2499,2479,488.3101443060681,2813.712027909213,0.3213117394130336,0.681726502622025,0.027833803953206938,3.336702913561355,0.05808793868495361
12373,12,6,2573,2541,448.4080383126336,2339.8895009168596,0.3336437905721327,0.6820149547422275,0.029122392758756395,3.323278097072773,0.05706414797323888
12374,12,6,2490,2458,547.5286861750775,2894.257778166155,0.3206865642787162,0.6871440195280716,0.021562245728234338,3.3489367924664433,0.05532953620829943
12345,12,8,2776,2751,370.6033095726943,1673.6627959134107,0.3460259178399916,0.6299527444565612,0.025808796801163214,3.242458089739105,0.053071610323518724
12346,12,8,2755,2733,395.3890037749692,1928.6634269503372,0.3505800261826712,0.6330040248810831,0.031833150384193196,3.2299818296315186,0.05634833516282473
12347,12,8,2852,2806,334.03870269918025,1444.999467569862,0.35396540945565025,0.6250890947968638,0.02601568068424804,3.23226941703617,0.05345687811831789
12348,12,8,2661,2643,430.83902455550873,1999.3293007448526,0.34006415677064994,0.6398032538781687,0.029511918274687854,3.2695410982898276,0.058267120696178586
12349,12,8,2754,2737,420.38767086584613,1874.8639306971181,0.3559752647822732,0.6306174643770551,0.02703690171720862,3.242220677176937,0.051516258677384
12350,12,8,2834,2805,386.34578022262696,1642.3947170545734,0.36330667279778783,0.6367201426024955,0.027094474153297684,3.252057247324458,0.04634581105169341
12351,12,8,2879,2822,352.89474017791343,1470.98987883313,0.38140001664741496,0.6293408929836996,0.029411764705882353,3.2246720440029666,0.051381998582565556
12352,12,8,2677,2664,455.38181232854976,2041.9027143269907,0.35716124229475305,0.6208708708708709,0.028903903903903905,3.227704416191453,0.047672672672672674
12353,12,8,2815,2797,367.53736072676617,1573.6812346752483,0.36854341895310166,0.6095816946728638,0.021094029317125493,3.1997250629254745,0.04826599928494816
12354,12,8,2723,2699,359.33544860944625,1731.7130100212737,0.3577171589333122,0.6361615413115969,0.028899592441645052,3.23568773757883,0.054464616524638756
12355,12,8,2608,2600,437.2174763101198,1964.2461828094367,0.34348120464024817,0.6261538461538462,0.027692307692307693,3.242832498740141,0.04846153846153846
12356,12,8,2748,2726,326.4849514812291,1827.7451197021096,0.36039842460893423,0.6504035216434336,0.02677916360968452,3.276280700569861,0.05612619222303742
12357,12,8,2806,2784,377.1844621084812,1638.631552338693,0.3684285972902224,0.6264367816091954,0.028735632183908046,3.2319551424766293,0.04454022988505747
12358,12,8,2874,2853,405.35463397229233,1857.7309394012052,0.3629913755530245,0.6435331230283912,0.02874167542937259,3.2698529367595417,0.060988433228180865
12359,12,8,2733,2706,382.25944347019123,1790.4020440678462,0.35153069671860737,0.6286031042128604,0.03510716925351072,3.2305455800341827,0.05543237250554324
12360,12,8,2787,2765,397.77207902873437,1821.5691818216385,0.3557773558664694,0.6249547920433997,0.03471971066907776,3.212823723515299,0.05461121157323689
12361,12,8,2760,2739,409.71537626003663,1893.286690344774,0.3529671169237679,0.6323475721066083,0.029937933552391383,3.2581016071385354,0.0624315443592552
12362,12,8,2660,2630,459.27793621956886,2111.067305187577,0.35011177867996573,0.6326996197718631,0.028136882129277566,3.2403563884476068,0.04410646387832699
12363,12,8,2860,2833,411.7986882248126,1831.2063697224344,0.37390696785999694,0.6336039534062831,0.030356512530885987,3.252248102475713,0.04376985527709142
12364,12,8,2717,2695,470.93751219288686,1918.7058991213098,0.3459173962111845,0.6304267161410019,0.034137291280148425,3.236430967985773,0.05602968460111317
12365,12,8,2818,2802,340.80107774390274,1594.6379686938412,0.3600600892658205,0.639186295503212,0.02569593147751606,3.2570198192498405,0.06887937187723055
12366,12,8,2849,2827,406.9913631968569,1784.6866191069057,0.36782622378820673,0.6246904846126636,0.033958259639193494,3.2327440106683927,0.04633887513264945
12367,12,8,2702,2677,419.58012080460855,2164.725272326476,0.3450537753347113,0.6440044826298095,0.02577512140455734,3.2662565337055742,0.06387747478520732
12368,12,8,2747,2718,313.01905508055626,1472.9269939839562,0.358604865967224,0.6295069904341427,0.03090507726269316,3.231249839999084,0.05518763796909492
12369,12,8,2715,2704,370.90385358127423,1759.9816122034417,0.3513305017832146,0.643491124260355,0.026627218934911243,3.269061789791706,0.059911242603550297
12370,12,8,2803,2770,362.45870523408377,1476.3735720517639,0.36619809210380855,0.6277978339350181,0.02888086642599278,3.2236289694556435,0.05198555956678701
12371,12,8,2725,2705,344.25054086993634,1729.93895376476,0.34805728468202723,0.6373382624768946,0.029944547134935304,3.2467917161020976,0.06025878003696858
12372,12,8,2730,2704,360.86448368255367,1745.2247850788535,0.35038108571846155,0.6283284023668639,0.031804733727810654,3.2443533370098896,0.055103550295857985
12373,12,8,2770,2738,315.69556876210964,1433.520201439345,0.3621921295445163,0.6150474799123448,0.0295836376917458,3.209072805028393,0.04857560262965668
12374,12,8,2748,2732,392.56766221924323,1798.460362311354,0.35022640666976895,0.623718887262079,0.030014641288433383,3.232655654933996,0.05197657393850659
12345,14,4,2226,2221,497.7956346399173,3351.397124951037,0.25076738258241427,0.7793786582620441,0.01620891490319676,3.5231562464120234,0.06258442143178748
12346,14,4,2272,2267,567.1698137837815,3959.3064581884937,0.24379864800105325,0.7798853109836789,0.017203352448169385,3.525365193588562,0.06660785178650198
12347,14,4,2226,2220,551.4585793502631,3831.526900321365,0.24181852998578252,0.777927927927928,0.010810810810810811,3.522331727663158,0.06576576576576576
12348,14,4,2302,2300,539.5750179107873,3517.6140523004083,0.25485722032221014,0.7543478260869565,0.02217391304347826,3.4786802611872014,0.059130434782608696
12349,14,4,2273,2271,485.04501329975693,3261.7346664665392,0.26095986950292227,0.7727873183619551,0.017613386173491855,3.500742489071978,0.0607661822985469
12350,14,4,2396,2386,552.7041409266157,3712.0795110417307,0.26076478972939054,0.7657166806370495,0.015088013411567477,3.499967118128139,0.06370494551550712
12351,14,4,2287,2281,523.0836113052138,3585.5732589316217,0.2539997430310358,0.7737834283209118,0.017536168347216132,3.5143621532792277,0.06839105655414292
12352,14,4,2212,2208,496.81125236645147,3068.91043567813,0.24025735731749417,0.7807971014492754,0.01947463768115942,3.530023329994227,0.07789855072463768
12353,14,4,2270,2262,552.7697352538354,3657.4458265850267,0.2522412637922192,0.7824933687002652,0.018125552608311227,3.518422522253178,0.06321839080459771
12354,14,4,2258,2255,526.1471213075141,3518.8377993354147,0.2483520501772125,0.7676274944567627,0.02483370288248337,3.4907803206991197,0.07095343680709534
12355,14,4,2278,2271,561.7655344597794,3833.9534986496224,0.2525080680948493,0.7952443857331571,0.01453104359313078,3.5461373513887717,0.06869220607661823
12356,14,4,2323,2323,514.6009207418996,3253.76580980551,0.26167458813040323,0.758071459319845,0.015497201894102454,3.485204773823502,0.06457167455876023
12357,14,4,2333,2325,480.9672843008079,3128.83678476776,0.2620255275347966,0.7746236559139785,0.018494623655913978,3.510081163216268,0.0696774193548387
12358,14,4,2228,2216,563.6734888424943,3730.622386775478,0.24662740791429485,0.7793321299638989,0.0194043321299639,3.5102784725501572,0.06453068592057762
12359,14,4,2195,2190,549.6380091400707,3756.20101129425,0.24180802709542432,0.773972602739726,0.01872146118721461,3.4910461590699815,0.06575342465753424
12360,14,4,2246,2245,557.8801809933556,3761.7166361674444,0.24341808914507393,0.7701559020044544,0.020489977728285078,3.508812185201038,0.07305122494432072
12361,14,4,2276,2271,612.4258696621673,3724.480079992677,0.25842035993878404,0.7494495816820784,0.018494055482166448,3.4681199411208343,0.06737120211360634
12362,14,4,2202,2197,564.3233643057204,3556.387393870087,0.24560288149009518,0.779699590350478,0.02002730996813837,3.5275742461256416,0.07328174783796086
12363,14,4,2227,2220,514.8253791104931,3228.3057696146598,0.24794499691382293,0.7657657657657657,0.01936936936936937,3.500516642479106,0.06801801801801802
12364,14,4,2258,2252,494.52209051468503,3239.373247810625,0.24230477311970217,0.7806394316163411,0.015985790408525755,3.534237177117658,0.06793960923623446
12365,14,4,2369,2366,578.6572359119801,3754.817300382004,0.2732946818460347,0.7662721893491125,0.0169061707523246,3.481285188102651,0.06804733727810651
12366,14,4,2239,2232,511.38881472598837,3329.869201178614,0.25271676461634557,0.7885304659498208,0.016577060931899642,3.546601266525323,0.06720430107526881
12367,14,4,2229,2228,542.6357437970776,3569.3546030747757,0.25041427572016206,0.7863554757630161,0.018850987432675045,3.5216099185410257,0.07315978456014363
12368,14,4,2239,2238,493.73091603840686,3525.7438660305206,0.25028094490050645,0.7837354781054513,0.01653261840929401,3.5196758727645174,0.07908847184986595
12369,14,4,2219,2208,532.9897076665758,3459.410357316532,0.24155577131687492,0.7622282608695652,0.018115942028985508,3.4789885282650754,0.06159420289855073
12370,14,4,2271,2256,537.7540821602786,3127.4768945897245,0.2562757584257615,0.7593085106382979,0.022606382978723406,3.473640936432197,0.06914893617021277
12371,14,4,2355,2350,482.3488268267487,3601.393662446556,0.2645822706058691,0.7761702127659574,0.01872340425531915,3.502952002384595,0.07063829787234042
12372,14,4,2249,2235,535.6505915008873,3602.822232938809,0.25127007186685213,0.7722595078299777,0.021029082774049218,3.5000487658838213,0.07114093959731543
12373,14,4,2297,2293,531.110821642214,3322.951826082484,0.251234498044507,0.7706061927605756,0.017880505887483647,3.5210450467150625,0.08024422154382904
12374,14,4,2314,2303,540.109993561152,3532.6291010932346,0.26275195930786976,0.7594442032132002,0.01910551454624403,3.4835989944627532,0.05557967867998263
12345,14,6,2574,2568,417.28210762975084,2144.0165784130527,0.2818472551884029,0.7044392523364486,0.021417445482866043,3.3878254761064976,0.06736760124610591
12346,14,6,2619,2615,489.73738225087516,2639.3983437388288,0.2897335103291998,0.6711281070745698,0.023326959847036328,3.3099243987623654,0.058508604206500954
12347,14,6,2521,2519,523.3287675568041,2608.4954265262063,0.27922338498652416,0.6816196903533148,0.028582770940849545,3.342741694645358,0.057562524811433105
12348,14,6,2550,2544,473.02677981495987,2732.5639242594975,0.2856512246626659,0.6890723270440252,0.025157232704402517,3.3659511124366013,0.05738993710691824
12349,14,6,2483,2481,500.31277431436337,2803.3179661538106,0.27189083888045085,0.6896412736799677,0.02418379685610641,3.358212612868382,0.05804111245465538
12350,14,6,2553,2545,556.2495364675083,2812.346248980056,0.2892636045268324,0.6793713163064833,0.0243614931237721,3.330358805489491,0.055402750491159135
12351,14,6,2477,2465,528.9518026051087,2746.817958501099,0.27845114891833644,0.6929006085192698,0.026774847870182555,3.3602200990979565,0.05760649087221095
12352,14,6,2539,2534,505.84669234823184,2745.735582517154,0.2841546594102055,0.6850828729281768,0.028018942383583267,3.338140605188761,0.05840568271507498
12353,14,6,2545,2542,521.2335268796417,2853.275505502642,0.2807183490722372,0.6829268292682927,0.023996852871754525,3.3336264002067675,0.06451612903225806
12354,14,6,2524,2520,523.9070789590048,2752.349041450388,0.2753597763743997,0.692063492063492,0.027777777777777776,3.364350223199938,0.06587301587301587
12355,14,6,2519,2512,506.9707535574082,2811.678794545305,0.2763783658054204,0.7066082802547771,0.02786624203821656,3.3755136391340073,0.06050955414012739
12356,14,6,2560,2558,507.89947229475473,2756.3976479162234,0.2779487597637691,0.7087568412822518,0.02111024237685692,3.3973987416551483,0.06528537920250195
12357,14,6,2430,2419,571.5875402490809,2789.238360128318,0.2721377101893479,0.6808598594460521,0.02273666804464655,3.318499760153228,0.05374121537825548
12358,14,6,2506,2492,488.2339678123401,2639.6004742721566,0.2787370953221517,0.7006420545746388,0.024077046548956663,3.3809139995504998,0.06019261637239166
12359,14,6,2485,2480,475.4584013449821,2554.930420457291,0.2745376211724256,0.6963709677419355,0.025,3.3686584827928323,0.0625
12360,14,6,2458,2454,506.18460451022435,2799.3645682102856,0.26604295585006776,0.6968215158924206,0.024857375713121434,3.3501889781209164,0.059494702526487364
12361,14,6,2416,2412,541.5327947976834,3221.375923943273,0.2643299577271332,0.711028192371476,0.02529021558872305,3.405263268936666,0.060945273631840796
12362,14,6,2446,2440,494.4234224703725,2582.4249959704907,0.287294673234739,0.6938524590163935,0.030737704918032786,3.3607719891625525,0.06352459016393443
12363,14,6,2514,2511,530.2101506496242,2741.2124405850154,0.28160309885713414,0.6849860613301474,0.022301871764237355,3.337605479168994,0.056551174830744726
12364,14,6,2429,2425,461.43484987406754,2602.5982592232745,0.26200249987469165,0.7142268041237113,0.021855670103092785,3.4085073332197107,0.07051546391752578
12365,14,6,2594,2591,421.2232157539135,2247.289451575841,0.28926513169808454,0.6889231956773446,0.023157082207641837,3.335445457513981,0.06561173292165187
12366,14,6,2469,2463,484.61674382649375,2706.866648839811,0.2813691962028818,0.6743808363784003,0.02395452699959399,3.328660117472286,0.05968331303288672
12367,14,6,2517,2508,468.2620547970943,2330.184831143802,0.2839274655162928,0.6638755980861244,0.023923444976076555,3.2946142397271685,0.05781499202551834
12368,14,6,2664,2643,486.653916130606,2433.887621645743,0.29594006825330993,0.7003405221339387,0.02383654937570942,3.3723235564652554,0.06469920544835414
12369,14,6,2467,2466,501.9810718730108,2678.7095780695236,0.2745198874397943,0.6942416869424168,0.026358475263584754,3.3626636710170157,0.05677210056772101
12370,14,6,2452,2451,492.62946194563125,2660.7339061724433,0.2734399006530284,0.7058343533251734,0.018767849857201143,3.3709272086488125,0.05915952672378621
12371,14,6,2584,2582,521.8988038999925,2684.637436986255,0.286998958189677,0.6979085979860573,0.024012393493415957,3.368022149290471,0.06700232378001549
12372,14,6,2519,2512,469.9948654187167,2380.8389521948825,0.2894619797822603,0.6827229299363057,0.02945859872611465,3.3324751009933844,0.058121019108280256
12373,14,6,2470,2464,502.6677769997504,2500.3430755865293,0.2696291806550622,0.6879058441558441,0.023133116883116884,3.347741460735282,0.06168831168831169
12374,14,6,2515,2496,523.1984230712017,2719.938308769089,0.2823347004192669,0.7019230769230769,0.020833333333333332,3.3608066479625074,0.050881410256410256
12345,14,8,2728,2721,420.34161026920356,2146.6817217539024,0.2992743683942454,0.6504961411245865,0.03013597941933113,3.285290605945658,0.05769937522969496
12346,14,8,2771,2766,406.34911427477994,1914.0359973535783,0.3055696082035254,0.6464208242950108,0.026030368763557483,3.2764386562243732,0.05856832971800434
12347,14,8,2770,2763,518.0017987573311,2171.3245421145166,0.3016307747064963,0.6337314513210278,0.034020991675714804,3.2398928845474133,0.05573651827723489
12348,14,8,2843,2836,360.8258237344209,1745.8432840425996,0.3173832788104969,0.6396332863187588,0.025035260930888575,3.2700743794656386,0.05500705218617771
12349,14,8,2720,2718,429.84530879866617,1852.7853981138649,0.3062936930041107,0.6114790286975718,0.036055923473142015,3.1997170727444186,0.04893303899926416
12350,14,8,2883,2880,396.3946155966941,1816.3044485628973,0.31448780350560707,0.6347222222222222,0.025694444444444443,3.2567098261613907,0.052083333333333336
12351,14,8,2652,2644,413.98621970493366,1741.8125795189665,0.2989321555341468,0.6422087745839636,0.0264750378214826,3.2598575967434287,0.06013615733736762
12352,14,8,2736,2733,410.93680164053944,1860.343489748002,0.31365374099096455,0.6260519575557995,0.02707647274057812,3.2324368787393634,0.055250640321990487
12353,14,8,2671,2667,486.8329468524619,2448.115127446222,0.29389585674271335,0.6599175103112112,0.02699662542182227,3.2930456191839013,0.0562429696287964
12354,14,8,2800,2790,398.05336073915186,1799.2325935207725,0.3070357382972953,0.6491039426523297,0.026164874551971327,3.2860005099498433,0.057706093189964155
12355,14,8,2771,2760,447.85022171300966,1893.1767347863895,0.30581928408713777,0.6231884057971014,0.0322463768115942,3.220740995798876,0.05688405797101449
12356,14,8,2725,2697,454.8002519215024,2172.478666471827,0.3101782760263729,0.6470152020763812,0.028921023359288096,3.2806828318685497,0.05710048201705599
12357,14,8,2745,2741,408.4259192460524,1830.8757479808876,0.3002358145784525,0.6410069317767239,0.032834731849689894,3.2716521176742535,0.058372856621670924
12358,14,8,2774,2774,464.89680635691053,2038.3563406603687,0.30654786620334384,0.6521268925739006,0.028478731074260993,3.2933420197121346,0.06200432588320115
12359,14,8,2775,2769,421.5719298675387,2048.146107166229,0.3125136026819625,0.6439147706753341,0.03286384976525822,3.2706457374322766,0.051643192488262914
12360,14,8,2806,2802,446.49691901463365,1821.1042043075759,0.31525857043893357,0.6291934332619558,0.03354746609564597,3.2134241590893042,0.055674518201284794
12361,14,8,2617,2607,485.0968756496112,2525.29152711736,0.2995745241171953,0.648638281549674,0.02761795166858458,3.282357398434075,0.05523590333716916
12362,14,8,2767,2751,406.0557901229856,2030.06152310554,0.3163825384463939,0.6463104325699746,0.022173754998182478,3.2755571146019324,0.05707015630679753
12363,14,8,2850,2847,389.6214682234116,1507.1528080286873,0.3171901697056291,0.6259220231822972,0.03301721109940288,3.236453256224471,0.05303828591499824
12364,14,8,2767,2765,401.43006425880134,1681.6187593434825,0.3034252477101748,0.6216998191681736,0.03146473779385172,3.216627235848168,0.05714285714285714
12365,14,8,2778,2777,358.31125708247504,1758.9954562588543,0.30679592848225035,0.662945624774937,0.02484695714800144,3.297193201295669,0.06913935902052575
12366,14,8,2758,2748,411.6310816225849,1767.4668467811566,0.3086105893320888,0.6291848617176128,0.03056768558951965,3.2463963358943677,0.05858806404657933
12367,14,8,2794,2792,406.3407934671076,1826.1411186478801,0.3185420507865867,0.6378939828080229,0.03008595988538682,3.255700791258937,0.06267908309455587
12368,14,8,2759,2756,352.16352362364245,1504.9531689191494,0.29754193049259214,0.6284470246734397,0.03229317851959362,3.237213743258724,0.06204644412191582
12369,14,8,2735,2732,341.17090522529605,1531.7541786213344,0.3021338560987342,0.6372620790629575,0.028916544655929723,3.2412878639800917,0.055636896046852125
12370,14,8,2826,2818,325.2462364172879,1431.9468893439591,0.32271593418174843,0.630943931866572,0.036905606813342796,3.213773887743544,0.051809794180269694
12371,14,8,2772,2769,362.245301127594,1585.681576857568,0.3081046071005757,0.6388587937883713,0.0263633080534489,3.2542835136761217,0.05489346334416757
12372,14,8,2656,2654,455.21249588212606,2425.912084141402,0.30193274936251496,0.659758854559156,0.027505651846269782,3.289783509927442,0.0651846269781462
12373,14,8,2666,2664,353.1526198712674,1723.9446790272054,0.2943443188330818,0.6418918918918919,0.024399399399399398,3.2711672629118196,0.06156156156156156
12374,14,8,2827,2817,382.60166323578494,1772.9274210750673,0.316746833243978,0.6332978345757898,0.03372381966631168,3.2362678570201293,0.05360312389066383
